item_id,date,month,clear_fraction,scene_cloud_percent
S2A_MSIL2A_20250112T065241_R020_T40RBN_20250112T101851,2025-01-12,2025-01,1.0,0.213731
S2C_MSIL2A_20250201T065141_R020_T40RBN_20250201T104612,2025-02-01,2025-02,1.0,0.466649
S2B_MSIL2A_20250318T064629_R020_T40RBN_20250318T092100,2025-03-18,2025-03,1.0,0.205771
S2C_MSIL2A_20250412T064651_R020_T40RBN_20250412T121419,2025-04-12,2025-04,1.0,0.523026
S2C_MSIL2A_20250502T064651_R020_T40RBN_20250502T113729,2025-05-02,2025-05,1.0,0.383511
S2B_MSIL2A_20250616T064619_R020_T40RBN_20250616T090449,2025-06-16,2025-06,1.0,0.169606
S2C_MSIL2A_20250721T064651_R020_T40RBN_20250721T120716,2025-07-21,2025-07,1.0,2.552815
S2A_MSIL2A_20250812T065321_R020_T40RBN_20250812T093816,2025-08-12,2025-08,1.0,0.367527
S2B_MSIL2A_20250914T064619_R020_T40RBN_20250914T090756,2025-09-14,2025-09,1.0,0.330582
S2A_MSIL2A_20251031T065321_R020_T40RBN_20251031T093101,2025-10-31,2025-10,1.0,0.212717
S2B_MSIL2A_20251113T065029_R020_T40RBN_20251113T085315,2025-11-13,2025-11,1.0,0.239564
S2B_MSIL2A_20251203T065149_R020_T40RBN_20251203T084904,2025-12-03,2025-12,1.0,0.21115
