date,item_id,common_pixel_count,NDVI,NDRE,NDMI,BSI
2025-01-12,S2A_MSIL2A_20250112T065241_R020_T40RBN_20250112T101851,27099,0.690595,0.460153,0.159304,-0.086614
2025-02-01,S2C_MSIL2A_20250201T065141_R020_T40RBN_20250201T104612,27099,0.610166,0.371964,0.11118,-0.033513
2025-03-18,S2B_MSIL2A_20250318T064629_R020_T40RBN_20250318T092100,27099,0.750278,0.544447,0.247097,-0.197958
2025-04-12,S2C_MSIL2A_20250412T064651_R020_T40RBN_20250412T121419,27099,0.690107,0.439474,0.179201,-0.104254
2025-05-02,S2C_MSIL2A_20250502T064651_R020_T40RBN_20250502T113729,27099,0.644172,0.41532,0.158407,-0.076817
2025-06-16,S2B_MSIL2A_20250616T064619_R020_T40RBN_20250616T090449,27099,0.515466,0.373749,0.018133,0.03855
2025-07-21,S2C_MSIL2A_20250721T064651_R020_T40RBN_20250721T120716,27099,0.391607,0.283746,-0.072408,0.167213
2025-08-12,S2A_MSIL2A_20250812T065321_R020_T40RBN_20250812T093816,27099,0.495528,0.360121,0.00058,0.09233
2025-09-14,S2B_MSIL2A_20250914T064619_R020_T40RBN_20250914T090756,27099,0.529963,0.384303,-0.017972,0.106587
2025-10-31,S2A_MSIL2A_20251031T065321_R020_T40RBN_20251031T093101,27099,0.447723,0.32111,-0.05413,0.135441
2025-11-13,S2B_MSIL2A_20251113T065029_R020_T40RBN_20251113T085315,27099,0.557877,0.395619,0.025155,0.032992
2025-12-03,S2B_MSIL2A_20251203T065149_R020_T40RBN_20251203T084904,27099,0.641136,0.43276,0.074602,-0.005775
